TimeNow;TimecodeSession;TimecodeTotal;TimecodeRecLength;TimecodeSequence;StartTimeTicks;MarkerColor;REF_MarkerName
5/12/2017 10:15:39 AM;00:00:00;00:00:00;00:00:00;00:00:00;0;242,242,242;camera start
5/12/2017 10:15:51 AM;00:00:11.4470000;00:00:11.4478028;00:00:11.4478028;00:00:11.4478032;114386123;240,240,240;undefined marker
5/12/2017 10:15:51 AM;00:00:11.5640000;00:00:11.5646397;00:00:11.5646397;00:00:11.5646400;115719455;230,230,230;da1
5/12/2017 10:16:12 AM;00:00:32.4460000;00:00:32.4472675;00:00:32.4472675;00:00:32.4472681;324385913;255,255,255;undefined marker
5/12/2017 10:16:12 AM;00:00:32.4810000;00:00:32.4821942;00:00:32.4821942;00:00:32.4821948;324719246;240,240,240;undefined marker
5/12/2017 10:16:12 AM;00:00:32.5790000;00:00:32.5805642;00:00:32.5805642;00:00:32.5805645;325719245;229,229,229;infod1
5/12/2017 10:16:24 AM;00:00:44.7980000;00:00:44.7997937;00:00:44.7997941;00:00:44.7997944;448052456;240,240,240;undefined marker
5/12/2017 10:16:25 AM;00:00:45.4470000;00:00:45.4488265;00:00:45.4488265;00:00:45.4488271;454385783;255,255,255;undefined marker
5/12/2017 10:16:25 AM;00:00:45.4780000;00:00:45.4801770;00:00:45.4801773;00:00:45.4801776;454719116;228,228,228;da2
5/12/2017 10:16:34 AM;00:00:54.9630000;00:00:54.9654662;00:00:54.9654662;00:00:54.9654665;549385688;240,240,240;undefined marker
5/12/2017 10:16:47 AM;00:01:07.7940000;00:01:07.7962821;00:01:07.7962821;00:01:07.7962828;677718893;227,227,227;infod2
5/12/2017 10:16:59 AM;00:01:20.0460000;00:01:20.0487635;00:01:20.0487635;00:01:20.0487638;800385437;240,240,240;undefined marker
5/12/2017 10:17:00 AM;00:01:20.7100000;00:01:20.7129349;00:01:20.7129352;00:01:20.7129355;807052097;226,226,226;da3
5/12/2017 10:17:08 AM;00:01:28.9450000;00:01:28.9480496;00:01:28.9480496;00:01:28.9480502;889385348;255,255,255;undefined marker
5/12/2017 10:17:08 AM;00:01:28.9760000;00:01:28.9790250;00:01:28.9790253;00:01:28.9790256;889718681;240,240,240;undefined marker
5/12/2017 10:17:10 AM;00:01:30.7750000;00:01:30.7789615;00:01:30.7789615;00:01:30.7789618;907718663;225,225,225;infod3
5/12/2017 10:17:22 AM;00:01:43.0270000;00:01:43.0313114;00:01:43.0313114;00:01:43.0313117;1030051874;240,240,240;undefined marker
5/12/2017 10:17:23 AM;00:01:43.7080000;00:01:43.7118805;00:01:43.7118805;00:01:43.7118808;1037051867;224,224,224;da4
5/12/2017 10:17:26 AM;00:01:46.5760000;00:01:46.5805258;00:01:46.5805258;00:01:46.5805261;1065718505;240,240,240;undefined marker
5/12/2017 10:17:33 AM;00:01:54.0240000;00:01:54.0282343;00:01:54.0282346;00:01:54.0282349;1140051764;223,223,223;infod4
5/12/2017 10:17:45 AM;00:02:06.2590000;00:02:06.2640754;00:02:06.2640754;00:02:06.2640760;1262384975;240,240,240;undefined marker
5/12/2017 10:17:46 AM;00:02:06.9400000;00:02:06.9446307;00:02:06.9446307;00:02:06.9446311;1269384968;222,222,222;da5
5/12/2017 10:17:55 AM;00:02:16.4240000;00:02:16.4297565;00:02:16.4297565;00:02:16.4297568;1364051540;240,240,240;undefined marker
5/12/2017 10:17:59 AM;00:02:20.1390000;00:02:20.1443272;00:02:20.1443275;00:02:20.1443278;1401384836;221,221,221;infod5
5/12/2017 10:18:11 AM;00:02:32.3730000;00:02:32.3792038;00:02:32.3792038;00:02:32.3792044;1523718047;255,255,255;undefined marker
5/12/2017 10:18:11 AM;00:02:32.4050000;00:02:32.4106118;00:02:32.4106118;00:02:32.4106122;1524051380;240,240,240;undefined marker
5/12/2017 10:18:12 AM;00:02:33.0550000;00:02:33.0608993;00:02:33.0608993;00:02:33.0608996;1530384707;220,220,220;da6
5/12/2017 10:18:14 AM;00:02:34.6060000;00:02:34.6119374;00:02:34.6119377;00:02:34.6119380;1546051358;255,255,255;undefined marker
5/12/2017 10:18:14 AM;00:02:34.6380000;00:02:34.6437890;00:02:34.6437890;00:02:34.6437896;1546384691;240,240,240;undefined marker
5/12/2017 10:18:37 AM;00:02:57.7360000;00:02:57.7432089;00:02:57.7432089;00:02:57.7432095;1777384460;219,219,219;infod6
5/12/2017 10:18:49 AM;00:03:09.9860000;00:03:09.9930500;00:03:09.9930500;00:03:09.9930503;1900051004;240,240,240;undefined marker
5/12/2017 10:18:50 AM;00:03:10.6360000;00:03:10.6428715;00:03:10.6428715;00:03:10.6428722;1906384331;218,218,218;da7
5/12/2017 10:18:59 AM;00:03:19.4710000;00:03:19.4784509;00:03:19.4784512;00:03:19.4784515;1994717576;240,240,240;undefined marker
5/12/2017 10:19:12 AM;00:03:32.6010000;00:03:32.6089912;00:03:32.6089912;00:03:32.6089918;2126050778;217,217,217;infod7
5/12/2017 10:19:24 AM;00:03:44.8500000;00:03:44.8585808;00:03:44.8585808;00:03:44.8585815;2248383989;240,240,240;undefined marker
5/12/2017 10:19:25 AM;00:03:45.5170000;00:03:45.5252414;00:03:45.5252414;00:03:45.5252420;2255050649;216,216,216;da8
5/12/2017 10:19:37 AM;00:03:57.8520000;00:03:57.8610848;00:03:57.8610848;00:03:57.8610851;2378383859;240,240,240;undefined marker
5/12/2017 10:19:41 AM;00:04:02.0990000;00:04:02.1080789;00:04:02.1080792;00:04:02.1080795;2421050483;215,215,215;infod8
5/12/2017 10:19:53 AM;00:04:14.3340000;00:04:14.3438352;00:04:14.3438355;00:04:14.3438358;2543383694;240,240,240;undefined marker
5/12/2017 10:19:54 AM;00:04:15.0150000;00:04:15.0248529;00:04:15.0248529;00:04:15.0248536;2550050354;214,214,214;da9
5/12/2017 10:20:06 AM;00:04:26.7990000;00:04:26.8094755;00:04:26.8094755;00:04:26.8094761;2668050236;255,255,255;undefined marker
5/12/2017 10:20:06 AM;00:04:26.8300000;00:04:26.8406759;00:04:26.8406759;00:04:26.8406762;2668383569;240,240,240;undefined marker
5/12/2017 10:20:17 AM;00:04:37.8300000;00:04:37.8406403;00:04:37.8406403;00:04:37.8406410;2778383459;213,213,213;infod9
5/12/2017 10:20:29 AM;00:04:50.0620000;00:04:50.0733535;00:04:50.0733535;00:04:50.0733541;2900716670;240,240,240;undefined marker
5/12/2017 10:20:30 AM;00:04:50.6650000;00:04:50.6760117;00:04:50.6760117;00:04:50.6760124;2906716664;255,255,255;undefined marker
5/12/2017 10:20:30 AM;00:04:50.6960000;00:04:50.7066681;00:04:50.7066681;00:04:50.7066688;2907049997;212,212,212;da10
5/12/2017 10:20:34 AM;00:04:55.3470000;00:04:55.3587408;00:04:55.3587408;00:04:55.3587415;2953383284;240,240,240;undefined marker
5/12/2017 10:20:51 AM;00:05:12.2110000;00:05:12.2228733;00:05:12.2228736;00:05:12.2228739;3122049782;211,211,211;infod10
5/12/2017 10:21:04 AM;00:05:24.4450000;00:05:24.4578081;00:05:24.4578081;00:05:24.4578084;3244382993;255,255,255;undefined marker
5/12/2017 10:21:04 AM;00:05:24.4770000;00:05:24.4890821;00:05:24.4890821;00:05:24.4890827;3244716326;240,240,240;undefined marker
5/12/2017 10:21:04 AM;00:05:25.1100000;00:05:25.1228345;00:05:25.1228348;00:05:25.1228351;3251049653;210,210,210;da11
5/12/2017 10:21:25 AM;00:05:46.3940000;00:05:46.4075613;00:05:46.4075613;00:05:46.4075617;3464049440;255,255,255;undefined marker
5/12/2017 10:21:25 AM;00:05:46.4250000;00:05:46.4385291;00:05:46.4385291;00:05:46.4385297;3464382773;240,240,240;undefined marker
5/12/2017 10:21:26 AM;00:05:46.5590000;00:05:46.5720316;00:05:46.5720316;00:05:46.5720322;3465716105;209,209,209;infod11
5/12/2017 10:21:38 AM;00:05:58.7940000;00:05:58.8077507;00:05:58.8077507;00:05:58.8077514;3588049316;240,240,240;undefined marker
5/12/2017 10:21:39 AM;00:05:59.4430000;00:05:59.4567764;00:05:59.4567764;00:05:59.4567771;3594382643;255,255,255;undefined marker
5/12/2017 10:21:39 AM;00:05:59.4750000;00:05:59.4882453;00:05:59.4882453;00:05:59.4882456;3594715976;208,208,208;da12
5/12/2017 10:21:52 AM;00:06:12.7070000;00:06:12.7210301;00:06:12.7210301;00:06:12.7210307;3727049177;240,240,240;undefined marker
5/12/2017 10:21:56 AM;00:06:17.1230000;00:06:17.1375539;00:06:17.1375539;00:06:17.1375542;3771382466;207,207,207;infod12
5/12/2017 10:22:08 AM;00:06:29.3420000;00:06:29.3568221;00:06:29.3568221;00:06:29.3568228;3893382344;240,240,240;undefined marker
5/12/2017 10:22:09 AM;00:06:30.0060000;00:06:30.0207176;00:06:30.0207176;00:06:30.0207183;3900049004;206,206,206;da13
5/12/2017 10:22:32 AM;00:06:52.4710000;00:06:52.4867317;00:06:52.4867317;00:06:52.4867320;4124715446;240,240,240;undefined marker
5/12/2017 10:22:32 AM;00:06:53.3730000;00:06:53.3885867;00:06:53.3885870;00:06:53.3885873;4133715437;255,255,255;undefined marker
5/12/2017 10:22:32 AM;00:06:53.4210000;00:06:53.4366987;00:06:53.4366987;00:06:53.4366994;4134382103;205,205,205;infod13
5/12/2017 10:22:45 AM;00:07:05.6530000;00:07:05.6696464;00:07:05.6696464;00:07:05.6696467;4256715314;240,240,240;undefined marker
5/12/2017 10:22:45 AM;00:07:06.2870000;00:07:06.3028833;00:07:06.3028833;00:07:06.3028836;4263048641;204,204,204;da14
5/12/2017 10:23:05 AM;00:07:25.9880000;00:07:26.0048927;00:07:26.0048927;00:07:26.0048933;4460048444;255,255,255;undefined marker
5/12/2017 10:23:05 AM;00:07:26.0190000;00:07:26.0355577;00:07:26.0355580;00:07:26.0355583;4460381777;240,240,240;undefined marker
5/12/2017 10:23:05 AM;00:07:26.1520000;00:07:26.1691117;00:07:26.1691117;00:07:26.1691120;4461715109;203,203,203;infod14
5/12/2017 10:23:17 AM;00:07:38.4010000;00:07:38.4187339;00:07:38.4187339;00:07:38.4187346;4584048320;240,240,240;undefined marker
5/12/2017 10:23:40 AM;00:08:01.3000000;00:08:01.3181137;00:08:01.3181137;00:08:01.3181140;4813048091;202,202,202;da15
5/12/2017 10:23:53 AM;00:08:14.1840000;00:08:14.2031696;00:08:14.2031699;00:08:14.2031703;4942047962;255,255,255;undefined marker
5/12/2017 10:23:53 AM;00:08:14.2160000;00:08:14.2344276;00:08:14.2344276;00:08:14.2344279;4942381295;240,240,240;undefined marker
5/12/2017 10:23:59 AM;00:08:19.9650000;00:08:19.9841308;00:08:19.9841308;00:08:19.9841314;4999714571;201,201,201;infod15
5/12/2017 10:24:11 AM;00:08:32.2140000;00:08:32.2339546;00:08:32.2339546;00:08:32.2339553;5122381115;240,240,240;undefined marker
5/12/2017 10:24:12 AM;00:08:32.8310000;00:08:32.8505982;00:08:32.8505982;00:08:32.8505989;5128381109;200,200,200;da16
5/12/2017 10:24:25 AM;00:08:46.3490000;00:08:46.3689182;00:08:46.3689182;00:08:46.3689185;5263714307;255,255,255;undefined marker
5/12/2017 10:24:25 AM;00:08:46.3800000;00:08:46.4001628;00:08:46.4001628;00:08:46.4001634;5263714307;240,240,240;undefined marker
5/12/2017 10:24:43 AM;00:09:03.6960000;00:09:03.7162785;00:09:03.7162788;00:09:03.7162791;5437047467;199,199,199;infod16
5/12/2017 10:24:53 AM;00:09:13.5810000;00:09:13.6022365;00:09:13.6022368;00:09:13.6022371;5536047368;240,240,240;undefined marker
5/12/2017 10:24:53 AM;00:09:14.3950000;00:09:14.4160655;00:09:14.4160655;00:09:14.4160658;5544047360;198,198,198;da17
5/12/2017 10:25:08 AM;00:09:29.3440000;00:09:29.3657244;00:09:29.3657244;00:09:29.3657247;5693713877;240,240,240;undefined marker
5/12/2017 10:25:24 AM;00:09:45.1760000;00:09:45.1984199;00:09:45.1984203;00:09:45.1984206;5851713719;197,197,197;infod17
5/12/2017 10:25:35 AM;00:09:55.5260000;00:09:55.5481776;00:09:55.5481776;00:09:55.5481779;5955380282;240,240,240;undefined marker
5/12/2017 10:25:35 AM;00:09:56.2440000;00:09:56.2670043;00:09:56.2670046;00:09:56.2670049;5962713608;255,255,255;undefined marker
5/12/2017 10:25:35 AM;00:09:56.2920000;00:09:56.3148824;00:09:56.3148827;00:09:56.3148831;5963046941;196,196,196;da18
5/12/2017 10:25:47 AM;00:10:07.7580000;00:10:07.7812443;00:10:07.7812443;00:10:07.7812447;6077713493;240,240,240;undefined marker
5/12/2017 10:25:59 AM;00:10:20.0910000;00:10:20.1142749;00:10:20.1142753;00:10:20.1142756;6201046703;195,195,195;infod18
5/12/2017 10:26:11 AM;00:10:32.3730000;00:10:32.3972015;00:10:32.3972015;00:10:32.3972022;6323713247;240,240,240;undefined marker
5/12/2017 10:26:12 AM;00:10:33.1060000;00:10:33.1305351;00:10:33.1305351;00:10:33.1305354;6331379906;194,194,194;da19
5/12/2017 10:26:27 AM;00:10:48.0570000;00:10:48.0820890;00:10:48.0820890;00:10:48.0820893;6480713090;240,240,240;undefined marker
5/12/2017 10:26:38 AM;00:10:58.9550000;00:10:58.9798291;00:10:58.9798291;00:10:58.9798294;6589712981;193,193,193;infod19
5/12/2017 10:26:50 AM;00:11:11.2040000;00:11:11.2295352;00:11:11.2295352;00:11:11.2295355;6712046192;240,240,240;undefined marker
5/12/2017 10:27:09 AM;00:11:30.0720000;00:11:30.0978135;00:11:30.0978135;00:11:30.0978138;6901046003;255,255,255;undefined marker
5/12/2017 10:27:09 AM;00:11:30.1190000;00:11:30.1455924;00:11:30.1455924;00:11:30.1455931;6901379336;192,192,192;da20
5/12/2017 10:27:27 AM;00:11:47.4350000;00:11:47.4617975;00:11:47.4617975;00:11:47.4617981;7074712496;240,240,240;undefined marker
5/12/2017 10:27:31 AM;00:11:51.8850000;00:11:51.9117264;00:11:51.9117264;00:11:51.9117270;7119045785;191,191,191;infod20
5/12/2017 10:27:43 AM;00:12:04.1340000;00:12:04.1613170;00:12:04.1613170;00:12:04.1613176;7241712329;240,240,240;undefined marker
5/12/2017 10:27:44 AM;00:12:04.8000000;00:12:04.8279311;00:12:04.8279315;00:12:04.8279318;7248045656;190,190,190;da21
5/12/2017 10:27:55 AM;00:12:16.0680000;00:12:16.0961559;00:12:16.0961562;00:12:16.0961566;7361045543;255,255,255;undefined marker
5/12/2017 10:27:55 AM;00:12:16.0990000;00:12:16.1274315;00:12:16.1274315;00:12:16.1274318;7361378876;240,240,240;undefined marker
5/12/2017 10:28:00 AM;00:12:21.3690000;00:12:21.3967295;00:12:21.3967299;00:12:21.3967302;7414045490;255,255,255;undefined marker
5/12/2017 10:28:00 AM;00:12:21.3990000;00:12:21.4275059;00:12:21.4275059;00:12:21.4275066;7414378823;189,189,189;infod21
5/12/2017 10:28:13 AM;00:12:33.6320000;00:12:33.6603317;00:12:33.6603317;00:12:33.6603323;7536378701;240,240,240;undefined marker
5/12/2017 10:28:13 AM;00:12:34.3490000;00:12:34.3773766;00:12:34.3773766;00:12:34.3773773;7543712027;188,188,188;da22
5/12/2017 10:28:26 AM;00:12:47.3310000;00:12:47.3601107;00:12:47.3601107;00:12:47.3601113;7673711897;255,255,255;undefined marker
5/12/2017 10:28:26 AM;00:12:47.3640000;00:12:47.3933485;00:12:47.3933485;00:12:47.3933491;7674045230;240,240,240;undefined marker
5/12/2017 10:28:33 AM;00:12:53.5990000;00:12:53.6288427;00:12:53.6288430;00:12:53.6288433;7736378501;255,255,255;undefined marker
5/12/2017 10:28:33 AM;00:12:53.6310000;00:12:53.6599691;00:12:53.6599691;00:12:53.6599695;7736378501;187,187,187;infod22
5/12/2017 10:28:45 AM;00:13:05.8800000;00:13:05.9095683;00:13:05.9095683;00:13:05.9095687;7859045045;240,240,240;undefined marker
5/12/2017 10:28:46 AM;00:13:06.5300000;00:13:06.5597659;00:13:06.5597662;00:13:06.5597665;7865711705;186,186,186;da23
5/12/2017 10:28:58 AM;00:13:18.8810000;00:13:18.9114317;00:13:18.9114317;00:13:18.9114320;7989044915;255,255,255;undefined marker
5/12/2017 10:28:58 AM;00:13:18.9120000;00:13:18.9424868;00:13:18.9424868;00:13:18.9424871;7989378248;240,240,240;undefined marker
5/12/2017 10:28:59 AM;00:13:19.8140000;00:13:19.8445158;00:13:19.8445158;00:13:19.8445161;7998378239;255,255,255;undefined marker
5/12/2017 10:28:59 AM;00:13:19.8620000;00:13:19.8925114;00:13:19.8925114;00:13:19.8925117;7999044905;185,185,185;infod23
5/12/2017 10:29:11 AM;00:13:32.0950000;00:13:32.1255842;00:13:32.1255842;00:13:32.1255845;8121378116;240,240,240;undefined marker
5/12/2017 10:29:12 AM;00:13:32.7780000;00:13:32.8089104;00:13:32.8089104;00:13:32.8089107;8128044776;184,184,184;da24
5/12/2017 10:29:20 AM;00:13:41.1110000;00:13:41.1419103;00:13:41.1419103;00:13:41.1419106;8211378026;240,240,240;undefined marker
5/12/2017 10:29:31 AM;00:13:52.1770000;00:13:52.2083199;00:13:52.2083199;00:13:52.2083206;8322044582;183,183,183;infod24
5/12/2017 10:29:44 AM;00:14:04.4420000;00:14:04.4745614;00:14:04.4745617;00:14:04.4745620;8444711126;240,240,240;undefined marker
5/12/2017 10:29:44 AM;00:14:05.0590000;00:14:05.0914181;00:14:05.0914181;00:14:05.0914184;8451044453;182,182,182;da25
5/12/2017 10:29:57 AM;00:14:17.9590000;00:14:17.9912494;00:14:17.9912494;00:14:17.9912500;8579710991;240,240,240;undefined marker
5/12/2017 10:29:59 AM;00:14:19.8080000;00:14:19.8407447;00:14:19.8407447;00:14:19.8407450;8598377639;181,181,181;infod25
5/12/2017 10:30:11 AM;00:14:32.0440000;00:14:32.0766696;00:14:32.0766696;00:14:32.0766702;8720710850;240,240,240;undefined marker
5/12/2017 10:30:11 AM;00:14:32.1910000;00:14:32.2245836;00:14:32.2245836;00:14:32.2245839;8722377515;100,100,100;DAfinalpayment_1st
5/12/2017 10:30:17 AM;00:14:37.6760000;00:14:37.7093442;00:14:37.7093445;00:14:37.7093449;8777044127;240,240,240;undefined marker
5/12/2017 10:36:34 AM;00:20:55.1820000;00:20:55.2296411;00:20:55.2296411;00:20:55.2296414;12552373685;180,180,180;fpa1
5/12/2017 10:36:43 AM;00:21:03.5650000;00:21:03.6127179;00:21:03.6127179;00:21:03.6127185;12636040268;240,240,240;undefined marker
5/12/2017 10:37:10 AM;00:21:30.9990000;00:21:31.0474899;00:21:31.0474903;00:21:31.0474906;12910373327;255,255,255;undefined marker
5/12/2017 10:37:10 AM;00:21:31.0460000;00:21:31.0952775;00:21:31.0952775;00:21:31.0952779;12911039993;179,179,179;fpi1
5/12/2017 10:37:22 AM;00:21:43.3460000;00:21:43.3950813;00:21:43.3950813;00:21:43.3950816;13034039870;240,240,240;undefined marker
5/12/2017 10:37:23 AM;00:21:44.0790000;00:21:44.1281573;00:21:44.1281573;00:21:44.1281576;13041373196;178,178,178;fpa2
5/12/2017 10:37:30 AM;00:21:50.8280000;00:21:50.8781017;00:21:50.8781021;00:21:50.8781024;13108706462;240,240,240;undefined marker
5/12/2017 10:38:04 AM;00:22:24.5450000;00:22:24.5961214;00:22:24.5961214;00:22:24.5961220;13446039458;255,255,255;undefined marker
5/12/2017 10:38:04 AM;00:22:24.5760000;00:22:24.6271166;00:22:24.6271166;00:22:24.6271170;13446372791;177,177,177;fpi2
5/12/2017 10:38:16 AM;00:22:36.8780000;00:22:36.9297798;00:22:36.9297798;00:22:36.9297801;13569372668;240,240,240;undefined marker
5/12/2017 10:38:17 AM;00:22:37.6250000;00:22:37.6766594;00:22:37.6766594;00:22:37.6766600;13576705994;176,176,176;fpa3
5/12/2017 10:38:40 AM;00:23:01.3430000;00:23:01.3954003;00:23:01.3954003;00:23:01.3954006;13814039090;240,240,240;undefined marker
5/12/2017 10:38:41 AM;00:23:01.5240000;00:23:01.5763739;00:23:01.5763739;00:23:01.5763742;13815705755;175,175,175;fpi3
5/12/2017 10:38:53 AM;00:23:13.8250000;00:23:13.8777830;00:23:13.8777830;00:23:13.8777837;13938705632;255,255,255;undefined marker
5/12/2017 10:38:53 AM;00:23:13.8560000;00:23:13.9090893;00:23:13.9090893;00:23:13.9090900;13939038965;240,240,240;undefined marker
5/12/2017 10:38:54 AM;00:23:14.5730000;00:23:14.6258959;00:23:14.6258959;00:23:14.6258965;13946372291;174,174,174;fpa4
5/12/2017 10:39:06 AM;00:23:26.8720000;00:23:26.9254941;00:23:26.9254941;00:23:26.9254948;14069372168;240,240,240;undefined marker
5/12/2017 10:39:25 AM;00:23:45.9880000;00:23:46.0417592;00:23:46.0417592;00:23:46.0417595;14260371977;173,173,173;fpi4
5/12/2017 10:39:37 AM;00:23:58.3060000;00:23:58.3606557;00:23:58.3606557;00:23:58.3606560;14383705187;240,240,240;undefined marker
5/12/2017 10:39:38 AM;00:23:59.0700000;00:23:59.1243314;00:23:59.1243314;00:23:59.1243320;14391371846;172,172,172;fpa5
5/12/2017 10:39:47 AM;00:24:07.8860000;00:24:07.9408810;00:24:07.9408810;00:24:07.9408817;14479371758;240,240,240;undefined marker
5/12/2017 10:41:33 AM;00:25:53.4620000;00:25:53.5212962;00:25:53.5212962;00:25:53.5212965;15535370702;171,171,171;fpi5
5/12/2017 10:41:45 AM;00:26:05.7640000;00:26:05.8236567;00:26:05.8236567;00:26:05.8236573;15658370579;240,240,240;undefined marker
5/12/2017 10:43:52 AM;00:28:13.1700000;00:28:13.2339524;00:28:13.2339527;00:28:13.2339530;16932369305;170,170,170;fpa6
5/12/2017 10:44:00 AM;00:28:21.4030000;00:28:21.4673794;00:28:21.4673794;00:28:21.4673798;17014702556;240,240,240;undefined marker
5/12/2017 10:44:27 AM;00:28:47.5030000;00:28:47.5686656;00:28:47.5686656;00:28:47.5686662;17275702295;255,255,255;undefined marker
5/12/2017 10:44:27 AM;00:28:47.5510000;00:28:47.6164477;00:28:47.6164477;00:28:47.6164480;17276368961;169,169,169;fpi6
5/12/2017 10:44:39 AM;00:28:59.8670000;00:28:59.9327071;00:28:59.9327071;00:28:59.9327074;17399368838;240,240,240;undefined marker
5/12/2017 10:44:40 AM;00:29:00.5690000;00:29:00.6347146;00:29:00.6347149;00:29:00.6347152;17406368831;255,255,255;undefined marker
5/12/2017 10:44:40 AM;00:29:00.6170000;00:29:00.6826644;00:29:00.6826647;00:29:00.6826650;17407035497;168,168,168;fpa7
5/12/2017 10:44:46 AM;00:29:06.9660000;00:29:07.0323555;00:29:07.0323555;00:29:07.0323561;17470368767;240,240,240;undefined marker
5/12/2017 10:45:13 AM;00:29:33.4310000;00:29:33.4982909;00:29:33.4982909;00:29:33.4982912;17735035169;167,167,167;fpi7
5/12/2017 10:45:25 AM;00:29:45.7330000;00:29:45.8009633;00:29:45.8009636;00:29:45.8009640;17858035046;240,240,240;undefined marker
5/12/2017 10:45:26 AM;00:29:46.4800000;00:29:46.5481754;00:29:46.5481754;00:29:46.5481757;17865701705;166,166,166;fpa8
5/12/2017 10:45:35 AM;00:29:55.7130000;00:29:55.7810427;00:29:55.7810427;00:29:55.7810434;17957701613;240,240,240;undefined marker
5/12/2017 10:46:16 AM;00:30:36.5100000;00:30:36.5798305;00:30:36.5798305;00:30:36.5798308;18365701205;165,165,165;fpi8
5/12/2017 10:46:28 AM;00:30:48.8430000;00:30:48.9128867;00:30:48.9128867;00:30:48.9128870;18489367748;240,240,240;undefined marker
5/12/2017 10:46:29 AM;00:30:49.5760000;00:30:49.6460603;00:30:49.6460603;00:30:49.6460606;18496701074;164,164,164;fpa9
5/12/2017 10:47:05 AM;00:31:25.8900000;00:31:25.9615808;00:31:25.9615811;00:31:25.9615815;18859700711;240,240,240;undefined marker
5/12/2017 10:47:05 AM;00:31:26.0400000;00:31:26.1119496;00:31:26.1119499;00:31:26.1119502;18861367376;163,163,163;fpi9
5/12/2017 10:47:17 AM;00:31:38.3900000;00:31:38.4614573;00:31:38.4614576;00:31:38.4614579;18984700586;240,240,240;undefined marker
5/12/2017 10:47:18 AM;00:31:39.1230000;00:31:39.1947650;00:31:39.1947650;00:31:39.1947653;18992033912;162,162,162;fpa10
5/12/2017 10:47:22 AM;00:31:43.1560000;00:31:43.2281740;00:31:43.2281740;00:31:43.2281743;19032367205;240,240,240;undefined marker
5/12/2017 10:47:44 AM;00:32:04.5240000;00:32:04.5965652;00:32:04.5965652;00:32:04.5965655;19246033658;255,255,255;undefined marker
5/12/2017 10:47:44 AM;00:32:04.5540000;00:32:04.6273790;00:32:04.6273790;00:32:04.6273797;19246366991;161,161,161;fpi10
5/12/2017 10:47:56 AM;00:32:16.8870000;00:32:16.9603610;00:32:16.9603610;00:32:16.9603616;19369700201;240,240,240;undefined marker
5/12/2017 10:47:57 AM;00:32:17.6200000;00:32:17.6935320;00:32:17.6935320;00:32:17.6935324;19377033527;160,160,160;fpa11
5/12/2017 10:48:07 AM;00:32:27.8860000;00:32:27.9601671;00:32:27.9601674;00:32:27.9601677;19479700091;240,240,240;undefined marker
5/12/2017 10:48:24 AM;00:32:45.3520000;00:32:45.4262557;00:32:45.4262557;00:32:45.4262560;19654366583;159,159,159;fpi11
5/12/2017 10:48:37 AM;00:32:57.6530000;00:32:57.7276975;00:32:57.7276978;00:32:57.7276981;19777366460;255,255,255;undefined marker
5/12/2017 10:48:37 AM;00:32:57.6840000;00:32:57.7592467;00:32:57.7592467;00:32:57.7592473;19777699793;240,240,240;undefined marker
5/12/2017 10:48:37 AM;00:32:58.4010000;00:32:58.4757463;00:32:58.4757463;00:32:58.4757466;19785033119;158,158,158;fpa12
5/12/2017 10:48:46 AM;00:33:06.8510000;00:33:06.9260365;00:33:06.9260365;00:33:06.9260368;19869366368;240,240,240;undefined marker
5/12/2017 10:49:03 AM;00:33:23.4330000;00:33:23.5085272;00:33:23.5085272;00:33:23.5085278;20035032869;157,157,157;fpi12
5/12/2017 10:49:15 AM;00:33:35.7180000;00:33:35.7941951;00:33:35.7941951;00:33:35.7941954;20158032746;240,240,240;undefined marker
5/12/2017 10:49:58 AM;00:34:19.3120000;00:34:19.3902266;00:34:19.3902266;00:34:19.3902273;20594032310;156,156,156;fpa13
5/12/2017 10:50:06 AM;00:34:27.1810000;00:34:27.2592911;00:34:27.2592911;00:34:27.2592915;20672698898;240,240,240;undefined marker
5/12/2017 10:50:31 AM;00:34:51.6620000;00:34:51.7414838;00:34:51.7414838;00:34:51.7414841;20917365320;255,255,255;undefined marker
5/12/2017 10:50:31 AM;00:34:51.7100000;00:34:51.7893143;00:34:51.7893143;00:34:51.7893146;20918031986;155,155,155;fpi13
5/12/2017 10:50:43 AM;00:35:04.0090000;00:35:04.0889167;00:35:04.0889167;00:35:04.0889173;21041031863;240,240,240;undefined marker
5/12/2017 10:50:44 AM;00:35:04.6950000;00:35:04.7744659;00:35:04.7744662;00:35:04.7744665;21048031856;255,255,255;undefined marker
5/12/2017 10:50:44 AM;00:35:04.7260000;00:35:04.8054285;00:35:04.8054285;00:35:04.8054288;21048365189;154,154,154;fpa14
5/12/2017 10:50:59 AM;00:35:20.2080000;00:35:20.2885236;00:35:20.2885236;00:35:20.2885242;21203031701;240,240,240;undefined marker
5/12/2017 10:51:16 AM;00:35:36.6240000;00:35:36.7048288;00:35:36.7048288;00:35:36.7048291;21367031537;153,153,153;fpi14
5/12/2017 10:51:28 AM;00:35:48.9730000;00:35:49.0543247;00:35:49.0543247;00:35:49.0543253;21490698080;240,240,240;undefined marker
5/12/2017 10:51:29 AM;00:35:49.7060000;00:35:49.7875108;00:35:49.7875108;00:35:49.7875111;21498031406;152,152,152;fpa15
5/12/2017 10:51:33 AM;00:35:53.5220000;00:35:53.6040566;00:35:53.6040569;00:35:53.6040572;21536364701;255,255,255;undefined marker
5/12/2017 10:51:33 AM;00:35:53.5560000;00:35:53.6375161;00:35:53.6375164;00:35:53.6375168;21536698034;240,240,240;undefined marker
5/12/2017 10:51:49 AM;00:36:10.0220000;00:36:10.1039673;00:36:10.1039673;00:36:10.1039676;21701031203;151,151,151;fpi15
5/12/2017 10:52:01 AM;00:36:22.3370000;00:36:22.4200379;00:36:22.4200379;00:36:22.4200382;21824364413;240,240,240;undefined marker
5/12/2017 10:52:02 AM;00:36:23.0370000;00:36:23.1198784;00:36:23.1198784;00:36:23.1198790;21831364406;150,150,150;fpa16
5/12/2017 10:52:15 AM;00:36:35.8200000;00:36:35.9030088;00:36:35.9030091;00:36:35.9030094;21959030945;240,240,240;undefined marker
5/12/2017 10:52:15 AM;00:36:36.2700000;00:36:36.3529070;00:36:36.3529070;00:36:36.3529073;21963697607;149,149,149;fpi16
5/12/2017 10:52:28 AM;00:36:48.5860000;00:36:48.6693219;00:36:48.6693219;00:36:48.6693222;22086697484;240,240,240;undefined marker
5/12/2017 10:52:28 AM;00:36:49.3020000;00:36:49.3861819;00:36:49.3861822;00:36:49.3861825;22094030810;148,148,148;fpa17
5/12/2017 10:52:39 AM;00:37:00.2680000;00:37:00.3522046;00:37:00.3522049;00:37:00.3522053;22203697367;240,240,240;undefined marker
5/12/2017 10:53:25 AM;00:37:45.8980000;00:37:45.9842940;00:37:45.9842940;00:37:45.9842943;22660030244;147,147,147;fpi17
5/12/2017 10:53:37 AM;00:37:58.2480000;00:37:58.3339906;00:37:58.3339906;00:37:58.3339909;22783364154;240,240,240;undefined marker
5/12/2017 10:53:38 AM;00:37:58.9480000;00:37:59.0341516;00:37:59.0341516;00:37:59.0341520;22790364247;146,146,146;fpa18
5/12/2017 10:53:42 AM;00:38:02.6310000;00:38:02.7171175;00:38:02.7171178;00:38:02.7171182;22827364660;255,255,255;undefined marker
5/12/2017 10:53:42 AM;00:38:02.6640000;00:38:02.7504196;00:38:02.7504196;00:38:02.7504199;22827697993;240,240,240;undefined marker
5/12/2017 10:54:09 AM;00:38:30.3620000;00:38:30.4497705;00:38:30.4497705;00:38:30.4497708;23104700116;145,145,145;fpi18
5/12/2017 10:54:22 AM;00:38:42.6480000;00:38:42.7356804;00:38:42.7356804;00:38:42.7356810;23227700643;240,240,240;undefined marker
5/12/2017 10:54:22 AM;00:38:43.3950000;00:38:43.4829875;00:38:43.4829875;00:38:43.4829878;23235034069;144,144,144;fpa19
5/12/2017 10:54:28 AM;00:38:48.8300000;00:38:48.9182248;00:38:48.9182248;00:38:48.9182255;23289368048;240,240,240;undefined marker
5/12/2017 10:54:51 AM;00:39:11.4590000;00:39:11.5484839;00:39:11.5484839;00:39:11.5484842;23515702205;143,143,143;fpi19
5/12/2017 10:55:03 AM;00:39:23.7920000;00:39:23.8814889;00:39:23.8814889;00:39:23.8814892;23639036265;240,240,240;undefined marker
5/12/2017 10:55:04 AM;00:39:24.5250000;00:39:24.6150167;00:39:24.6150170;00:39:24.6150173;23646369591;142,142,142;fpa20
5/12/2017 10:55:11 AM;00:39:31.6910000;00:39:31.7812667;00:39:31.7812667;00:39:31.7812670;23718036186;240,240,240;undefined marker
5/12/2017 10:55:31 AM;00:39:52.4070000;00:39:52.4977370;00:39:52.4977370;00:39:52.4977373;23925036979;141,141,141;fpi20
5/12/2017 10:55:44 AM;00:40:04.7390000;00:40:04.8304684;00:40:04.8304684;00:40:04.8304687;24048704022;240,240,240;undefined marker
5/12/2017 10:55:45 AM;00:40:05.4720000;00:40:05.5635482;00:40:05.5635482;00:40:05.5635489;24055704015;140,140,140;fpa21
5/12/2017 10:55:49 AM;00:40:10.1220000;00:40:10.2135694;00:40:10.2135694;00:40:10.2135697;24102370785;240,240,240;undefined marker
5/12/2017 10:56:34 AM;00:40:54.8860000;00:40:54.9789085;00:40:54.9789085;00:40:54.9789091;24550038404;139,139,139;fpi21
5/12/2017 10:56:46 AM;00:41:07.1710000;00:41:07.2647323;00:41:07.2647323;00:41:07.2647330;24672705448;240,240,240;undefined marker
5/12/2017 10:56:47 AM;00:41:07.9190000;00:41:08.0122775;00:41:08.0122775;00:41:08.0122781;24680372107;138,138,138;fpa22
5/12/2017 10:57:04 AM;00:41:24.9670000;00:41:25.0613355;00:41:25.0613355;00:41:25.0613358;24850705720;240,240,240;undefined marker
5/12/2017 10:57:13 AM;00:41:34.1500000;00:41:34.2445055;00:41:34.2445055;00:41:34.2445061;24942705628;137,137,137;fpi22
5/12/2017 10:57:26 AM;00:41:46.4350000;00:41:46.5301920;00:41:46.5301920;00:41:46.5301927;25065372672;240,240,240;undefined marker
5/12/2017 10:57:26 AM;00:41:47.1680000;00:41:47.2628348;00:41:47.2628348;00:41:47.2628351;25072705998;255,255,255;undefined marker
5/12/2017 10:57:26 AM;00:41:47.1990000;00:41:47.2941167;00:41:47.2941167;00:41:47.2941171;25073039331;136,136,136;fpa23
5/12/2017 10:57:35 AM;00:41:56.3820000;00:41:56.4772545;00:41:56.4772545;00:41:56.4772548;25165039539;255,255,255;undefined marker
5/12/2017 10:57:35 AM;00:41:56.4150000;00:41:56.5107735;00:41:56.5107735;00:41:56.5107738;25165372872;240,240,240;undefined marker
5/12/2017 10:57:48 AM;00:42:08.5500000;00:42:08.6455384;00:42:08.6455384;00:42:08.6455390;25286706234;255,255,255;undefined marker
5/12/2017 10:57:48 AM;00:42:08.5980000;00:42:08.6935496;00:42:08.6935496;00:42:08.6935500;25287039567;135,135,135;fpi23
5/12/2017 10:58:00 AM;00:42:20.8800000;00:42:20.9765082;00:42:20.9765085;00:42:20.9765089;25410039894;240,240,240;undefined marker
5/12/2017 10:58:01 AM;00:42:21.5800000;00:42:21.6766200;00:42:21.6766200;00:42:21.6766207;25417039887;134,134,134;fpa24
5/12/2017 10:58:08 AM;00:42:28.5460000;00:42:28.6428632;00:42:28.6428632;00:42:28.6428635;25486706484;240,240,240;undefined marker
5/12/2017 10:58:22 AM;00:42:42.5130000;00:42:42.6096222;00:42:42.6096222;00:42:42.6096226;25626374811;133,133,133;fpi24
5/12/2017 10:58:34 AM;00:42:54.8450000;00:42:54.9421005;00:42:54.9421005;00:42:54.9421009;25749709571;240,240,240;undefined marker
5/12/2017 10:58:35 AM;00:42:55.5610000;00:42:55.6587759;00:42:55.6587759;00:42:55.6587762;25756709664;132,132,132;fpa25
5/12/2017 10:58:39 AM;00:42:59.4940000;00:42:59.5920376;00:42:59.5920379;00:42:59.5920382;25796043408;240,240,240;undefined marker
5/12/2017 10:58:58 AM;00:43:18.4760000;00:43:18.5748834;00:43:18.5748834;00:43:18.5748840;25986045618;131,131,131;fpi25
5/12/2017 10:59:10 AM;00:43:30.7790000;00:43:30.8774477;00:43:30.8774480;00:43:30.8774483;26109046995;240,240,240;undefined marker
5/12/2017 10:59:10 AM;00:43:30.9780000;00:43:31.0765140;00:43:31.0765140;00:43:31.0765147;26111046993;255,255,255;undefined marker
5/12/2017 10:59:10 AM;00:43:31.0090000;00:43:31.1078744;00:43:31.1078744;00:43:31.1078747;26111380326;110,110,110;FPfinalpayment_2nd
5/12/2017 10:59:13 AM;00:43:34.0590000;00:43:34.1576959;00:43:34.1576959;00:43:34.1576962;26141714029;240,240,240;undefined marker
5/12/2017 10:59:39 AM;00:43:59.8110000;00:43:59.9113741;00:43:59.9113741;00:43:59.9113741;26392715878;244,244,244;undefined marker
